id	title	description	coding
the-new-york-times	Zohran Mamdani and the Revenge of the Struggling Yuppie	When the city becomes a “luxury product,” even the comfortable start to rebel.	
the-new-york-times	An Emboldened Mamdani Sheds Conciliatory Tone	Fresh from a stunning victory, Zohran Mamdani, the mayor-elect, said in an interview that his supporters wanted “a politics of consistency” and aggressive action, including on taxing the rich.	
the-new-york-times	Where Mamdani Found the Blueprints to Run for Mayor	Before Zohran Mamdani became a state legislator, he helped South Asian New Yorkers who were in danger of losing their homes because of tax liens and job losses.	
the-new-york-times	Trump and Mamdani Will Meet at White House on Friday	The meeting between Zohran Mamdani, the mayor-elect of New York City, and President Trump will come after the two men have fiercely attacked one another.	
the-new-york-times	Zohran Mamdani Is Elected Mayor of New York City	Mr. Mamdani, a state lawmaker and democratic socialist, will be the first Muslim mayor in the city’s history.	
the-new-york-times	Trump and Mamdani Will Meet for First Time, With Implications for New York	Zohran Mamdani, the mayor-elect of New York City, will go to the White House on Friday. The stakes are high for the city.	
the-new-york-times	The Strategic Uncoupling of Zohran Mamdani and Brad Lander	Mr. Lander, the New York City comptroller, campaigned with Mr. Mamdani and once hoped to join him in City Hall. Now he is eyeing a congressional seat.	
the-new-york-times	She Runs the N.Y.P.D. He’ll Lead the City. Here’s Where They Disagree.	The New York City mayor-to-be, Zohran Mamdani, and the head of the Police Department, Jessica Tisch, have gaps to bridge on crime and policing.	
the-new-york-times	Mamdani, Mofongo and Rum: Democratic Squabbles Fade Away, for Now	At an annual gathering in Puerto Rico for New York’s political class, former foes of Zohran Mamdani put aside their differences and tried to get information about his inner circle.	
ca-national-news	Trump to meet Mamdani at White House on Friday	No detailed summary available in snippet.	
ca-national-news	Mamdani is turning Wall Street enemies into friends	Content Type: Opinion	
ca-national-news	Zohran Mamdani wins New York mayoral race	No detailed summary available in snippet.	
ca-national-news	In Zohran Mamdani, Democrats may have found their Trump-slayer	Content Type: Opinion	
ca-national-news	New York mayoral candidates prepare for heated election as Democrat Mamdani leads polls	No detailed summary available in snippet.	
ca-national-news	Cuomo congratulates Mamdani, tells crowd not to boo	Coverage of Andrew Cuomo's concession speech following the mayoral election.	
ca-national-news	Zohran Mamdani elected mayor of New York City	No detailed summary available in snippet.	
ca-national-news	Can Zohran Mamdani save the Democrats?	Content Type: Opinion	
ca-national-news	Democratic successes in local U.S. elections won’t soothe party’s anxieties about its future	Content Type: Analysis	
the-seattle-times	Trump and Mamdani meet Friday in the Oval Office. They've cast each other as adversaries for months	President Donald Trump has called New York City’s Mayor-elect Zohran Mamdani a “100% Communist Lunatic” and a “total nut job.”.	
the-seattle-times	Mamdani says he wants to talk affordability with Trump and isn't worried he's walking into a trap	New York City Mayor-elect Zohran Mamdani says he plans to center an upcoming meeting with Republican President Donald Trump on how the two opposing leaders could work to make the city a more affordable place to live.	
the-seattle-times	Trump says he and Mamdani will meet Friday in Washington, setting up clash of political opposites	President Donald Trump says he will meet with New York City Mayor-elect Zohran Mamdani in Washington later this week.	
the-seattle-times	New York Mayor-elect Mamdani says the city's current police commissioner will stay on the job	New York City Mayor-elect Zohran Mamdani says the city’s current police commissioner will remain in the post.	
the-seattle-times	For conservative media, New York City Mayor-elect Zohran Mamdani quickly becomes attack target	New York City's mayor-elect, Zohran Mamdani, has quickly become a target of conservative media figures.	
the-seattle-times	NYC Mayor-elect hopes to meet with Trump to discuss affordability	New York City Mayor-elect Zohran Mamdani says he hopes to meet with President Donald Trump to find ways the political polar opposites can work together on the central focus of his winning campaign: affordability.	
the-seattle-times	Trump plans to meet with Mamdani, says he'll 'work something out' with New York City's mayor-elect	President Donald Trump is indicating that he plans to meet with New York City’s mayor-elect Zohran Mamdani and says they’ll “work something out.”.	
the-seattle-times	New York Mayor-elect Mamdani taps a budget and policy veteran to be his No. 2 at City Hall	New York City Mayor-elect Zohran Mamdani has appointed a veteran of city and state government to be his first deputy mayor as he prepares to carry out his ambitious agenda.	
the-seattle-times	In Israel, Mamdani’s win in New York stirs alarm over shifting US attitudes	The election of Zohran Mamdani as New York City’s next mayor has sent a chill across Israel.	
the-seattle-times	Progressives warn Democrats against alienating the left and blast Schumer's Senate leadership	Democrats are riding high after Election Day wins and some are capitalizing on the victory of New York City Mayor-Elect Zohran Mamdani.	
the-seattle-times	Zohran Mamdani and London's Muslim mayor, Sadiq Khan, have much in common, but also key differences	As a left-leaning Muslim politician, London Mayor Sadiq Khan shares similarities with New York Mayor-elect Zohran Mamdani.	
the-seattle-times	Anti-Defamation League creates antisemitism tip line focused on Mamdani	The announcement came after a closing stretch of the mayoral campaign during which Mamdani’s detractors accused him of antisemitism, a charge he has rejected.	
the-seattle-times	As Republicans retire Pelosi from attack ads, they eye a new villain | Analysis	Nancy Pelosi is out, and Zohran Mamdani is in. Or so Republicans hope.	
the-seattle-times	Mamdani in Puerto Rico for an annual conference of New York political insiders	New York City Mayor-elect Zohran Mamdani is in Puerto Rico this weekend for an annual summit that brings New York’s politicians and lobbyists to sunny San Juan for strategy meetings, workshops and boozy confabs.	
the-seattle-times	Divided Jewish leaders react with warnings and hope as New York elects Zohran Mamdani as mayor	Within hours of Zohran Mamdani’s election as New York’s first Muslim mayor, there were swift and harsh reactions from his Jewish critics.	
the-seattle-times	Photos of Zohran Mamdani and his supporters as they celebrate his election as NYC's mayor	No summary available in snippet.	
the-seattle-times	Mamdani announces veteran transition team as he makes plans to carry out an ambitious agenda for NYC	Fresh off his historic victory in New York City’s mayoral election, Zohran Mamdani named a slate of seasoned officials to help lead his transition to City Hall.	
the-seattle-times	New York Muslims Exult in Mamdani’s Victory: ‘Now This Is Our Time’	When Zohran Mamdani is sworn in as mayor on Jan. 1, he will become the most prominent Muslim elected official in the U.S. His victory is also an inflection point for New York’s Muslims.	
the-seattle-times	Mamdani tells Trump that New York is ready to fight after president's threats fail to thwart voters	Zohran Mamdani has just been elected mayor of New York City and is already challenging President Donald Trump.	
the-seattle-times	Zohran Mamdani's rise: From Queens lawmaker to New York City mayor	Zohran Mamdani has stormed onto the national political scene by winning New York City's mayoral election.	
the-wall-street-journal	Is a Mayor Mamdani a Blessing in Disguise?	No summary available in snippet. (Could be video or online-only content)	
the-wall-street-journal	The Mamdani Millionaires Supporting the Socialist for NYC Mayor	No summary available in snippet. (Could be video or online-only content)	
the-wall-street-journal	Mamdani and the Left’s Alliance With Radical Islam	No summary available in snippet. (Could be video or online-only content)	
the-wall-street-journal	Mamdani Delivers Upset in New York Mayoral Primary	No summary available in snippet. (Could be video or online-only content)	
the-wall-street-journal	Notable & Quotable: Mamdani and Shoplifting	No summary available in snippet. (Could be video or online-only content)	
the-wall-street-journal	Prof. Mamdani’s Curriculum	No summary available in snippet. (Could be video or online-only content)	
the-wall-street-journal	A Makeover for the Anti-Mamdani Campaign	No summary available in snippet. (Could be video or online-only content)	
the-wall-street-journal	New York Officials to Team Up With Wall Street to Keep National Guard Out	No summary available in snippet. (Could be video or online-only content)	
the-wall-street-journal	Mamdani Declares Victory in NYC Mayoral Primary as Cuomo Concedes	No summary available in snippet. (Could be video or online-only content)	
the-wall-street-journal	Living in Zohran Mamdani’s America	No summary available in snippet. (Could be video or online-only content)	
the-wall-street-journal	When Will AI Elect a President?	No summary available in snippet. (Could be video or online-only content)	
the-wall-street-journal	Democrats Make a Startling Comeback on Election Day	No summary available in snippet. (Could be video or online-only content)	
the-wall-street-journal	Downwardly Mobile Elites Love Zohran Mamdani	No summary available in snippet. (Could be video or online-only content)	
the-wall-street-journal	I Want Your Vote, You Bigot	No summary available in snippet. (Could be video or online-only content)	
the-wall-street-journal	Don’t Forget David Dinkins	No summary available in snippet. (Could be video or online-only content)	
the-wall-street-journal	Zohran Mamdani and the Democrats	No summary available in snippet. (Could be video or online-only content)	
the-wall-street-journal	Democrats Fall Into the Mamdani Line	No summary available in snippet. (Could be video or online-only content)	
the-wall-street-journal	The Bidding War for New York Refugees	No summary available in snippet. (Could be video or online-only content)	
the-wall-street-journal	Elise Stefanik Aims for the New York Governor’s Office	No summary available in snippet. (Could be video or online-only content)	
the-wall-street-journal	NYC Developers Gripped by Hysteria After Mamdani’s Sudden Rise	No summary available in snippet. (Could be video or online-only content)	
the-wall-street-journal	Sliwa Warns Mamdani on Socialism: ‘We Are Mobilizing’	No summary available in snippet. (Could be video or online-only content)	
the-wall-street-journal	Zohran Mamdani Wins NYC Mayor’s Race	No summary available in snippet. (Could be video or online-only content)	
the-wall-street-journal	Affordability Key Issue for Mamdani Voter	No summary available in snippet. (Could be video or online-only content)	
the-wall-street-journal	Mamdani Makes Final Election Push	No summary available in snippet. (Could be video or online-only content)	
the-wall-street-journal	In Sunset Park, Brooklyn, Strong Support for Mamdani	No summary available in snippet. (Could be video or online-only content)	
the-wall-street-journal	Who Is Zohran Mamdani? What to Know About the Democratic Candidate for NYC Mayor	No summary available in snippet. (Could be video or online-only content)	
the-wall-street-journal	Prediction-Market Bettors on Polymarket, Kalshi Back Mamdani in Mayoral Election	No summary available in snippet. (Could be video or online-only content)	
the-wall-street-journal	Ex-Cop Votes Cuomo to Keep Mamdani Out	No summary available in snippet. (Could be video or online-only content)	
the-wall-street-journal	What Is Mamdani’s Millionaire Tax and How Would It Work?	No summary available in snippet. (Could be video or online-only content)	
the-wall-street-journal	What Mamdani Has Said About Israel and Gaza	No summary available in snippet. (Could be video or online-only content)	
the-wall-street-journal	Which New York City Voters Lean Mamdani vs. Cuomo?	No summary available in snippet. (Could be video or online-only content)	
the-wall-street-journal	Harlem Voters on Why They Are Voting for Mamdani	No summary available in snippet. (Could be video or online-only content)	
the-wall-street-journal	Schumer, Centrist Democrats Dodge Questions on Mamdani	No summary available in snippet. (Could be video or online-only content)	
the-wall-street-journal	Who Has Endorsed Cuomo or Mamdani for NYC mayor?	No summary available in snippet. (Could be video or online-only content)	
the-wall-street-journal	Mamdani on Election Day: ‘I Will Not Be Intimidated’ by Trump	No summary available in snippet. (Could be video or online-only content)	
the-wall-street-journal	Mamdani Says He Voted in Favor of Housing-Ballot Reforms	No summary available in snippet. (Could be video or online-only content)	
the-wall-street-journal	What President Trump Has Said About Zohran Mamdani	No summary available in snippet. (Could be video or online-only content)	
the-wall-street-journal	Mamdani’s Campaign Platform	No summary available in snippet. (Could be video or online-only content)	
the-wall-street-journal	Trump Backs Cuomo, Reiterates Funding Threat If Mamdani Wins	No summary available in snippet. (Could be video or online-only content)	
the-wall-street-journal	Trump Calls Jewish Voters Who Support Mamdani ‘Stupid’ in Truth Social Post	No summary available in snippet. (Could be video or online-only content)	
the-wall-street-journal	WSJ Opinion: Mamdani’s Law-and-Order Police Chief	No summary available in snippet. (Could be video or online-only content)	
the-wall-street-journal	Trump Says He Will Meet With Mamdani Friday at the White House	Appeared in the Nov 20, 2025, print edition as 'President Sets Meeting With NYC’s Mamdani'	
the-wall-street-journal	Mamdani’s Law-and-Order Police Chief	Appeared in the Nov 20, 2025, print edition as 'Mamdani’s Law-and-Order Police Chief'	
the-wall-street-journal	Indian Leftists Have Zohran Mamdani Envy	Appeared in the Nov 20, 2025, print edition as 'Indian Leftists Have Zohran Mamdani Envy'	
the-wall-street-journal	New York Police Commissioner Jessica Tisch to Stay in Post Under Mamdani	Appeared in the Nov 20, 2025, print edition as 'NYPD Boss Will Keep Post Under Mamdani'	
the-wall-street-journal	Seattle Elects Mamdani West	No summary available in snippet. (Could be video or online-only content)	
the-wall-street-journal	Escape From Zohran Mamdani’s New York	Appeared in the Nov 13, 2025, print edition as 'Escape From Zohran Mamdani’s New York'	
the-wall-street-journal	Grade Inflation Produced Mamdani’s Proletariat	Appeared in the Nov 10, 2025, print edition as 'Grade Inflation Produced Mamdani’s Proletariat'	
the-wall-street-journal	WSJ Opinion: Mamdani's Win and the Democratic Divide	No summary available in snippet. (Could be video or online-only content)	
the-wall-street-journal	Meet the Advisers Who Will Shape Mamdani’s Administration	No summary available in snippet. (Could be video or online-only content)	
the-wall-street-journal	Take Mamdani Seriously and Literally	Appeared in the Nov 8, 2025, print edition as 'Take Mamdani Seriously and Literally'	
the-wall-street-journal	After a Dream Campaign, Mamdani Faces the Nightmare of Running New York City	Appeared in the Nov 7, 2025, print edition as 'Mamdani Faces A Complex Reality'	
the-wall-street-journal	Zohran Mamdani Captures New York	Appeared in the Nov 6, 2025, print edition as 'Mamdani Captures New York'	
the-wall-street-journal	How Do New Yorkers Feel About Mamdani's Mayoral Victory?	No summary available in snippet. (Could be video or online-only content)	
the-wall-street-journal	The Voters Who Propelled Mamdani to Victory	Appeared in the Nov 6, 2025, print edition as 'How Mamdani Won Over a Million Votes'	
the-wall-street-journal	Mamdani Taps Antitrust Crusader Lina Khan to Help Lead Transition	Appeared in the Nov 6, 2025, print edition as 'Antitrust Crusader Khan Will Help Lead Transition'	
the-wall-street-journal	Under My Hat in Mamdani’s New York	Appeared in the Nov 6, 2025, print edition as 'Under My Hat in Mamdani’s New York'	
the-wall-street-journal	The Economics Behind Zohran Mamdani’s Biggest Plans	No summary available in snippet. (Could be video or online-only content)	
the-wall-street-journal	Mamdani Taps Lina Khan as Transition Team Co-Chair	No summary available in snippet. (Could be video or online-only content)	
the-wall-street-journal	Mamdani Says He Hasn’t Heard from Cuomo, Adams	No summary available in snippet. (Could be video or online-only content)	
los-angeles-times	California Passes Prop 50 to Redraw Maps; Zohran Mamdani Elected as NYC’s Youngest Mayor	No detailed summary provided in snippet.	
los-angeles-times	Mamdani’s Kampala roots resonate with Ugandans watching his mayoral bid	Zohran Mamdani is leading the New York City mayor’s race, and people in his native Uganda say they are watching with pride	
los-angeles-times	‘Badhai!’ In India, a celebration for Zohran Mamdani’s New York mayoral win and his roots	The 34-year-old, Ugandan-born Mamdani is set to be New York’s youngest mayor in more than a century — and the first Muslim one — when he takes office on Jan. 1.	
los-angeles-times	Democrats sweep key elections as Mamdani wins NYC mayor’s race, capping a stunning ascent	Zohran Mamdani defeated former Gov. Andrew Cuomo in a generational battle between Democrats in the New York City mayor’s race.	
los-angeles-times	Contributor: Electing Mamdani would be an ominous turn for New York and the nation	When the nation’s largest city thrives, the entire country feels the lift. And when New York falters, the ripple effects are often national.	
los-angeles-times	Contributor: Zohran Mamdani’s campaign echoes a forgotten chapter of California history	Congressman Dalip Singh Saund provided a blueprint for Mamdani, proving that when charming countercultural candidates show up, listen and speak from the heart, they can win — even against money and power.	
los-angeles-times	Backing Israel was considered mandatory for New York politicians. Then came Zohran Mamdani	Zohran Mamdani, who would be the city’s first Muslim mayor, could be on the cusp of shattering that convention.	
los-angeles-times	In emotional speech, Zohran Mamdani defends Muslim identity against ‘racist and baseless’ attacks	Encircled by faith leaders outside a Bronx mosque, Mamdani speaks in emotional terms about the ‘indignities’ long faced by the city’s Muslim population.	
los-angeles-times	New York Gov. Kathy Hochul endorses Zohran Mamdani for mayor	Gov. Kathy Hochul has urged New York City residents to vote for Zohran Mamdani for mayor, giving the Democratic nominee one of his most significant endorsements to date.	
los-angeles-times	Letters to the Editor: Readers slam new Florida teaching standards that soften McCarthyism	‘Shame on the Florida Board of Education for spinning McCarthyism into something positive and trying, once again, to stigmatize the terms “socialist” and “communist,”’ an L.A. Times reader writes.	
los-angeles-times	New York Mayor-elect Mamdani says the city’s current police commissioner will stay on the job	For Zohran Mamdani, the appointment seals one of the most consequential decisions of his nascent administration and provides further insight into the progressive’s looming stewardship of City Hall.	
los-angeles-times	She’s challenging Bass from the left. Could she become L.A.’s Mamdani?	Rae Huang, a 43-year-old community organizer and democratic socialist, is waging a long-shot campaign for L.A. mayor, focusing on free buses, public housing and police abuse.	
los-angeles-times	Trump plans to meet with Mamdani, says he’ll ‘work something out’ with New York City’s mayor-elect	President Trump said Sunday that he plans to meet with New York Mayor-elect Zohran Mamdani and says they’ll ‘work something out.’	
los-angeles-times	Skelton: New York’s Zohran Mamdani’s win offers a lesson for Newsom	Newsom should learn from Zohran Mamdani’s success	
los-angeles-times	Letters to the Editor: No, Zohran Mamdani’s platform isn’t a fantasy of ‘far-left utopianism’	‘In [contributing writer Josh] Hammer’s recent op-ed, he presents affordable housing, food stability and accessible child care and education as a nightmare. Don’t threaten us with a good time,’ writes an L.A. Times reader.	
los-angeles-times	Can L.A. get its own Zohran Mamdani? Two Latina mayors are paving the way	With the recent mayoral win of Zohran Mamdani in New York City, many progressive Angelenos are seeking the West Coast analog.	
los-angeles-times	Taking inspiration from Mamdani, democratic socialists look to expand their power in L.A.	Organizers with Democratic Socialists of America hope to add two more seats on the Los Angeles City Council in the June election — and possibly get to eight in 2028.	
nypost	Nassau County Executive Bruce Blakeman challenges Hochul to draw line as DSA pressures her to back Zohran Mamdani tax hike	Nassau County Executive Bruce Blakeman challenged Gov. Kathy Hochul to draw a line in the sand Monday as she faces pressure from DSA to back Mayor-elect Zohran Mamdani's proposed tax hikes.	
nbc-news	Zohran Mamdani reaches out to the White House to set up a meeting with Trump	Trump told reporters Sunday that the New York City Mayor-elect had reached out for a meeting. Mamdani's campaign confirmed the outreach the following day.	
nypost	Kathy Hochul’s endorsement of Zohran Mamdani is backfiring spectacularly	Jumping on the Zohran bandwagon has clearly backfired, gov.	
business-insider	Zohran Mamdani calls for boycott of Starbucks amid strike	Mamdani's call to boycott Starbucks amid the strike represents an early indication of how he may use the bully pulpit as NYC mayor.	
business-insider	Mamdani is promising free childcare in NYC. Here's how New Mexico did it — and gave caregivers a raise in the process.	Universal childcare in New York City is one of Zohran Mamdani's affordability promises. New Mexico's new policy shows that is it possible.	
usa-today	Zohran Mamdani campaigned on free buses in New York City. The governor is pumping the brakes.	"New York Gov. Kathy Hochul says the transit system relies on bus and subway fares and that she ""cannot set forth a plan right now"" to change that."	
new-york-magazine	Trump Suggests He’s Open to Meeting Mamdani	President Donald Trump suggested that he was open to meeting with Mayor-elect Zohran Mamdani, telling reporters, ‘We’ll work something out.’	
new-york-magazine	Inside Zohran Mamdani’s Election Day	The photographer Sinna Nasseri embedded with Zohran Mamdani’s team on Election Day, capturing his journey from the voting booth to the barbershop to his victory party.	
nypost	Zohran Mamdani meets with NYPD Commissioner Jessica Tisch — but won’t say if she’ll say on job	Mayor-elect Zohran Mamdani said Sunday he met with police Commissioner Jessica Tisch and hopes she will stay on to continue leading the NYPD when he takes office.	
nypost	Let our people go! Zohran Mamdani victory spurs Staten Island pols to renew bid to pull out of NYC	Staten Island pols say they'll be beefing up efforts for independence from NYC in 2026 as the United States celebrates it's 250th birthday -- in large part because socialist Zohran Mamdani will be taking over as mayor.	
nypost	Schmear & Wesson: Jewish New Yorkers rushing to buy guns after Mamdani victory	"Jewish New Yorkers are arming themselves before an anti-Israel “mayor who despises us"" takes the helm of New York City, several told The Post this week."	
nypost	Incoming NYC business group head torches Mamdani’s proposed corporate tax hike: ‘Absolute suicide’	The incoming head of New York City’s premier business group said it would be “absolute suicide” for Gov. Kathy Hochul and the state legislature to enact Mayor-elect Zohran’s proposed corporate tax hikes. “This proposal is absolute suicide for NYC and an absol…	
nypost	Zohran Mamdani’s biggest hater John Catsimatidis now calling for top NYC conservatives to work with incoming socialist mayor	Right leaning business leaders grapple with how to support socialist mayor-elect Zohran Mamdani,	
nypost	NYC Mayor-elect Zohran Mamdani holds secretive Elizabeth Warren meeting as she touts his ‘tax the rich’ agenda: ‘Billionaire tears not pictured	“She is a MA senator…why is she even there?” one user wondered.	
business-insider	Zohran Mamdani wins NYC mayors' race in blow to billionaires who bet against him	Democratic socialist candidate Zohran Mamdani, 34, is projected to defeat Andrew Cuomo in the race for New York City mayor.	
business-insider	Business leaders from Bill Ackman to Andrew Yang react to Mamdani's NYC mayoral race win	Business leaders, including Bill Ackman and Andrew Yang, have congratulated Zohran Mamdani on his mayoral win.	
business-insider	A guide to the writers, thinkers, and politicians Mamdani referenced in his victory speech	Mamdani opened his speech with a quote from Eugene Debs, one of the most famous socialists in American history.	
business-insider	Mamdani's victory speech included a 4-word warning to Trump	New NYC Mayor Zohran Mamdani targeted Donald Trump in his victory speech, pledging to fight corruption and support unions.	
business-insider	Trump responds to Mamdani: 'He's off to a bad start'	"Trump told Fox News that Mamdani gave ""a very angry speech"" on Tuesday night. The mayor-elect directly addressed Trump."	
business-insider	Home Depot cofounder Ken Langone: 'New York is on the verge of making a monumental mistake'	Ken Langone also had a word of advice for people who take issue with the country overall.	
business-insider	New York's VCs are opening their wallets to elect Cuomo. Here's the data to prove it.	New York mayoral candidate Zohran Mamdani is ahead in the polls, but most New York VCs are bullish on Cuomo. The numbers back that up.	
business-insider	The proposals NYC business leaders say they can live with under Zohran Mamdani, according to his CEO whisperer	Yasser Salem has built a business council to advise Mamdani if he wins. The McKinsey alum explains that bosses are open to free childcare.	
business-insider	Meet the ex-McKinsey exec helping NYC's CEOs get comfortable with Zohran Mamdani	Zohran Mamdani may not have many fans in the C-Suite, but ex-McKinsey exec Yasser Salem is introducing the upstart socialist to NYC's skeptical CEOs.	
business-insider	Mamdani is officially NYC mayor — read his full acceptance speech here	Zohran Mamdani beat former Democratic Gov. Andrew Cuomo and Republican Curtis Sliwa to win the race. Read his full acceptance speech.	
business-insider	Breaking down Zohran Mamdani's proposals by the numbers: What has he planned and how much will it cost	The Democratic candidate is leading the polls. Here are his affordability-centered plans, and what may stand in the way.	
business-insider	Ex-FTC chair Lina Khan joins Mamdani's transition team, calling his victory a rebuke of 'outsized corporate power'	During her time leading the FTC, Khan drew the ire of many on Wall Street and in Silicon Valley.	
business-insider	Alex Karp says the left's 'Mamdani wing' and the 'woke right' are the biggest threats to Palantir	"""If you explain to the world that labor is going to be valueless, people are going to elect the most ridiculous people ever,"" Karp said."	
the-atlantic	Mamdani Has a Point About Rent Control	In an interview, the candidate argued that the policy is essential to get voters on board with pro-housing reforms.	
usa-today	Forget Schumer and Pelosi. Zohran Mamdani is Republicans' new foil.	"The National Republican Congressional Committee plans to ""Make Mamdani and his policies the face of the Democratic Party,"" in the 2026 elections."	
nypost	NYC restaurateur cancels expansion plans following Zohran Mamdani victory: ‘I’m not signing’	"""We just don't feel that this mayor is suitable to supporting small businesses,"" restaurateur Stratis Morfogen told The Post"	
abc-news	New York will resist Trump 'intimidation,' Mayor-elect Zohran Mamdani says	"Mayor-elect Zohran Mamdani appeared Wednesday on ""Good Morning America."""	
abc-news	WATCH: Democrat Zohran Mamdani will win the NYC mayoral race, ABC News projects	Mamdani is set to be the city's first Muslim mayor of south Asian descent.	
abc-news	What to know about Zohran Mamdani's wife Rama Duwaji	Duwaji appeared with Mamdani after he secured his election win on Tuesday night.	
abc-news	How Mamdani clinched the votes of young people, newcomers to NYC	Exit polls revealed Mamdani captured the majority of votes from the younger population and newcomers to the city.	
abc-news	'Led by an immigrant': NYC Mayor-elect Mamdani calls out Trump in victory speech	The results of the mayoral race that skyrocketed to national attention are in: 34-year-old Zohran Mamdani is projected to be the next mayor of New York City.	
abc-news	NYC candidate Andrew Cuomo: 'You can be a New Yorker and not understand New Yorkers'	Cuomo sat down with ABC News' Linsey Davis on Thursday.	
abc-news	Zohran Mamdani makes history -- and strikes a chord among Muslims, South Asians	Democrat Zohran Mamdani's projected victory as New York City’s first Muslim and South Asian mayor marks a historic moment.	
abc-news	New York City mayoral election results: Mamdani is projected winner in historic win	Follow live election results and candidate updates for NYC’s mayoral race.	
abc-news	WATCH: Trump goes after Mamdani a day after NYC mayoral election	"President Trump said he'll ""take care"" of New York City after self-described democratic socialist Zohran Mandani won the city's mayoral election on Tuesday night."	
abc-news	WATCH: Massive pod of dolphins charges past boat	Whale watching guides off the coast of San Diego, California, were stunned by the sight of thousands of dolphins leaping past their boat.	
abc-news	WATCH: How will Dick Cheney's role in the Iraq war impact his legacy?	ABC News political contributor Mary Jordan shares how former Vice President Dick Cheney’s role as the mastermind behind much of the Bush administration's strategy in Iraq could shape his legacy.	
abc-news	WATCH: Tate McRae caught singing into upside-down mic	Pop star Tate McRae had a viral moment after performing into the wrong end of her microphone.	
abc-news	WATCH: The 2025 NYC Marathon’s last finisher might be its most inspiring	Juan Pablo Dos Santos was told he’d never walk again. This weekend, he finished the 2025 NYC Marathon in last place, in 15:21, to cheers as loud as the first-place winner’s.	
abc-news	WATCH: NJ gubernatorial nominee surprised by son's return from Army on eve of election	While campaigning at a bar in North Jersey on Monday, New Jersey Republican gubernatorial candidate Jack Ciattarelli was surprised by the return of his son, who is currently stationed in Kuwait.	
abc-news	WATCH: Fireball from deadly UPS plane crash in Louisville caught on camera	A UPS cargo plane crashed shortly after takeoff in Louisville, Kentucky killing at least seven people.	
abc-news	Mamdani's effect: Experts predict more millennial, Gen Z candidates will seek office	Zohran Mamdani's historic election win will likely not be the last time a candidate under 35 will win a major race, political experts said.	
new-york-magazine	Zohran Mamdani’s Young Revolution	New York was once a city of possibilities, even for the less well-off. Can it be again?, wonders columnist Errol Louis.	
new-york-magazine	The 25 Young(ish) New Democrats to Watch	Who, beyond Alexandria Ocasio-Cortez, Zohran Mamdani, and Jon Ossoff, are most likely to rebuild the Democratic Party?	
new-york-magazine	What Curtis Sliwa Told Zohran Mamdani on Election Night	Curtis Sliwa, the boisterous Republican who frustrated Andrew Cuomo, says he plans to do the same to Zohran Mamdani after a conciliatory phone call last night.	
new-york-magazine	Is the Democratic Party’s Future Zohran Mamdani or Mikie Sherrill?	New York and New Jersey are running a sort of experiment on the Democratic Party. Is the future an outsider like Zohran Mamdani or an Establishment figure like Mikie Sherrill? David Freedlander reports.	
new-york-magazine	Mamdani Is a New York Miracle, Not a National Model for Democrats	Zohran Mamdani is doing better and generating more excitement than centrist 2025 candidates like Mikie Sherrill and Abigail Spanberger. But that’s mostly about the context. Mamdani is a New York miracle, not a national model for Democrats.	
new-york-magazine	Cuomo Laughed When He Was Told Mamdani Would Cheer Another 9/11	During an AM radio interview, Andrew Cuomo seemed to laugh at host Sid Rosenberg’s claim that Zohran Mamdani would cheer another 9/11. Mamdani called the moment ‘disgusting,’ while the Cuomo campaign swears it’s not what it sounds like.	
new-york-magazine	The Heiress Who Could Make or Break the Socialist Mayor	Police commissioner Jessica Tisch and Zohran Mamdani don’t seem to have much in common, but they could be a powerful duo, Ross Barkan writes.	
new-york-magazine	Stefanik’s Campaign Launch Is Much About Mamdani	In a video launching her gubernatorial campaign, Elise Stefanik tries to tie Kathy Hochul to Zohran Mamdani while also vowing to fight for affordability. She doesn’t mention Trump at all.	
new-york-magazine	How the Housing Proposals Will Turbocharge Mayor Mamdani	Nia Prater reports that three ballot initiatives approved by New Yorkers will turbocharge Mayor-elect Zohran Mamdani’s agenda to build more housing.	
new-york-magazine	Record-Breaking Early Voting Looks Good for Mamdani	Voters turned out in record numbers during the first weekend of early voting, a possible boon to Zohran Mamdani who benefited from high enthusiasm in June.	
new-york-magazine	Schumer Still Mum on Mamdani Endorsement As Election Day Looms	With Election Day less than a week away, Senate majority leader Chuck Schumer has yet to endorse Zohran Mamdani, telling a reporter that they’re continuing to talk.	
new-york-magazine	The End of the Bully	Ross Barkan writes that Zohran Mamdani defeated Andrew Cuomo and his cutthroat style of politics he tried and failed to bring from Albany to New York City.	
new-york-magazine	What Do the Final New York Mayoral-Race Polls Say?	With days to go before Election Night, here’s where Zohran Mamdani, Andrew Cuomo, and Curtis Sliwa currently stand in the mayoral polls.	
new-york-magazine	Bill de Blasio Impostor Dupes U.K. Paper With Fake Anti-Mamdani Quotes	The Times of London was forced to retract an article after it ran quotes criticizing Zohran Mamdani from a person claiming to be former mayor Bill de Blasio.	
new-york-magazine	Jeffries Finally Endorses Mamdani in the Most Tepid Way Possible	After holding out for months, at almost the last possible moment before early voting begins, the House minority leader Hakeem Jeffries officially okayed the idea of Zohran Mamdani for mayor.	
usa-today	Zohran Mamdani says Andrew Cuomo uses 'racist' attacks in NYC mayor's race	"NYC mayoral frontrunner Zohran Mamdani, a Democrat said the ""disgusting"" attacks on his Muslim faith are coming from both parties."	
new-york-magazine	Will It Be Mamdani or Cuomo? Election Night Live Updates.	Tonight’s the night. We’ll soon know whether the next mayor of New York will be Zohran Mamdani or Andrew Cuomo. Here are the latest results and updates, along with analysis and commentary, as Election Night plays out.	
new-york-magazine	Six Things to Know Now That It’s Election Day	When we may know the winner, what the turnout means so far, and some other things to think about now that mayoral race between Zohran Mamdani and Andrew Cuomo is about to end.	
new-york-magazine	What Did the 2025 Election Mean?	There’s a lot of excitement following Zohran Mamdani’s and Democrats’ big victories. There are a lot of takes, too. Here are some of the most interesting ones.	
usa-today	Democratic socialist Zohran Mamdani shoots to stardom ‘like a young Obama'	The overnight sensation leading NYC polls has a lot in common with another telegenic young politician who skyrocketed to fame.	
new-york-magazine	What the Polls Got Right and Wrong in the 2025 Elections	In the scattered elections of 2025, polls underestimated the Democratic vote in New Jersey and Virginia and missed a Republican collapse in New York City — though they did predict Zohran Mamdani’s election as mayor.	
new-york-magazine	Eric Adams Is Endorsing ‘Snake and Liar’ Cuomo for Mayor	Soon-to-be former mayor Eric Adams and former governor who wants to be mayor Andrew Cuomo are making nice in the hopes of stopping Zohran Mamdani. It’s not clear if Adams will also say Cuomo is no longer ‘a snake and a liar.’	
usa-today	ICE raids. US-China talks. Zohran Mamdani. Takeaways from Trump's '60 Minutes' interview.	"President Donald Trump said immigration officials ""haven't gone far enough"" despite criticism, and that China won't attack Taiwan."	
new-york-magazine	ICE Wants NYPD Cops Who Are Mad About Mamdani	The agency put out a new recruitment ad that tries to promote and capitalize on postelection angst within the NYPD.	
new-york-magazine	Cuomo Is Racking Up Weird Last-Minute Endorsements	In the final days of the mayoral race, former governor Andrew Cuomo has been racking up quasi-endorsements from Donald Trump, Elon Musk, and some self-professed foes.	
new-york-magazine	A Very Close Look at How Mamdani Carried the City	A conversation with voting data savant Michael Lange about where Mamdani and Cuomo dominated and what surprised him in the results.	
new-york-magazine	A Mayor for a New Age	Mamdani’s win is astonishing and important. Next, he rises to the massive challenges of governing New York City, writes columnist Ross Barkan.	
new-york-magazine	Why Almost All Signs Point to a Mamdani Victory	A long talk with political analyst Michael Lange about what we’ve learned from the massive New York City early vote, the final phase of the campaign, and why he’s as confident as ever about Mamdani claiming a big victory.	
usa-today	Zohran Mamdani's bold ideas won't fix all of New York, but they're why he'll win | Opinion	Zohran Mamdani isn't going to change the city as much as fearmongering centrist Democrats and Republicans say he will.	
nbc-news	Zohran Mamdani, Bernie Sanders and Alexandria Ocasio-Cortez slam Trump at raucous rally	New York City mayoral hopeful Zohran Mamdani and two of his most prominent backers, Sen.	
nbc-news	Zohran Mamdani wins the New York mayoral race	Zohran Mamdani has won New York’s mayoral race, NBC News projects, after the 34-year-old democratic socialist energized progressives in the city and across the country while generating intense backlash from President Donald Trump and Republicans, as well as s…	
nbc-news	Hakeem Jeffries endorses Zohran Mamdani for New York City mayor	House Minority Leader Hakeem Jeffries on Friday endorsed the Democratic nominee in the New York City mayoral race, Zohran Mamdani	
nbc-news	Inside Zohran Mamdani’s private influencer briefing	Zohran Mamdani’s rapid rise in New York City has gone hand in hand with his savvy social media presence and easy navigation of the universe of influential podcasters, YouTubers and TikTokers	
nbc-news	Trump says Jewish people who support Zohran Mamdani for New York City mayor are 'stupid'	"President Donald Trump said Tuesday that any Jewish person who votes for Assemblyman Zohran Mamdani, the Democratic nominee for New York City mayor, is ""stupid.""“Any Jewish person that votes for Zohran Mamdani, a proven and self professed JEW HATER, is a stup…"	
nbc-news	The GOP's move to take Mamdani national: From the Politics Desk	Republicans are increasingly eager to elevate New York City mayoral front-runner Zohran Mamdani ahead of next year's midterm elections.	
nbc-news	Republicans work to make Zohran Mamdani the face of the Democratic Party	Republicans are working to tie Zohran Mamdani, the Democratic socialist running for New York mayor, to the entire Democratic Party ahead of the midterm elections next year.	
nbc-news	Trump endorses Andrew Cuomo on eve of New York mayoral election: 'You really have no choice'	The president endorsed Cuomo, who is running as an independent against Democratic nominee Zohran Mamdani, instead of Republican candidate Curtis Sliwa.	
nbc-news	Zohran Mamdani decries 'racist, baseless attacks' in an emotional speech about Islamophobia in New York City	"One day before early voting begins in the New York mayoral race, Democratic nominee Zohran Mamdani condemned the “racist, baseless” attacks he’s faced in recent days, saying the attacks exemplify the islamophobia Muslims all over New York face every day.""I ha…"	
nbc-news	Zohran Mamdani and Andrew Cuomo trade insults in final NYC mayoral debate	Zohran Mamdani and Andrew Cuomo clashed Wednesday in a final New York City mayoral debate that put on full display their personal animosity and their array of disagreements on both city and national issues	
nbc-news	Zohran Mamdani's rise shines a brighter spotlight on democratic socialists	Mamdani’s surge past former Gov. Andrew Cuomo in June’s Democratic primary for New York City mayor didn’t just put the 34-year-old state assemblyman on the political map. It also shined a brighter spotlight on the Democratic Socialists of America, or DSA.	
nbc-news	Cuomo says 'that's another problem' when radio host says Mamdani would cheer a terror attack	"Former New York Gov. Andrew Cuomo appeared to laugh briefly and agree with a radio host who said during a Thursday interview that Zohran Mamdani would be ""cheering"" if ""another 9/11"" happened on his watch."	
nbc-news	Zohran Mamdani takes on governing as the left and right fight to define him	Zohran Mamdani’s rapid rise from outer-borough state assemblyman to shock Democratic mayoral nominee was already one of the biggest political stories in years in New York City	
nbc-news	Pro-Andrew Cuomo super PAC depicts Zohran Mamdani in front of Twin Towers attack in late ad	A super PAC supporting former New York Gov.	
nbc-news	Mamdani vows New York will lead opposition to Trump in a fiery speech	"In his first speech as the next mayor of New York, Zohran Mamdani made clear he and his city are coming for President Donald Trump.""If anyone can show a nation betrayed by Donald Trump how to defeat him, it is the city that gave rise to him,"" Mamdani said at …"	
nbc-news	Views of capitalism slip, but socialism is still unpopular even as Mamdani gains prominence	The share of registered voters with positive views of capitalism has dropped under 50% for the first time in seven years of NBC News polling on the issue — a shift that comes as some democratic socialists, like New York mayoral hopeful Zohran Mamdani, gain pr…	
nbc-news	Newspaper removes interview with Bill de Blasio after former NYC mayor says the quotes were 'fabricated'	"A British newspaper has removed an article that included quotes attributed to former New York City Mayor Bill de Blasio criticizing Democratic mayoral nominee Zohran Mamdani after de Blasio said the quotes were fabricated.""The story in the Times of London is …"	
usa-today	Mamdani’s plan to kill gifted education won't fix inequality. It will deepen it. | Opinion	It is no longer enough to give equal opportunities to every student, as the 14th Amendment to the U.S. Constitution requires.	
nbc-news	The perfect storm that will raise ACA costs and Mamdani's Trump strategy: Morning Rundown	What to know about Affordable Care Act open enrollment and its rising costs.	
the-atlantic	The Mafia Style in American Politics	Trump is saying, essentially, If you don’t want to get hurt, you’ll do what I say.	
business-insider	Zohran Mamdani's most popular policy proposal is raising taxes on millionaires and corporations, new poll finds	Mamdani's most popular proposal, according to the poll, is raising taxes on millionaires and corporations.	
gothamist	Mayor-elect Zohran Mamdani picks Bill de Blasio veteran for top deputy	"Mayor-elect Zohran Mamdani speaks at a press conference at the Unisphere in Queens on Nov. 5, 2025.
 

He named Dean Fuleihan as first deputy and Elle Bisgaard-Church as chief of staff. [ more › ]"	
gothamist	Mayor Adams aims to save Elizabeth Street Garden by making it official NYC park	The Elizabeth Street Garden is currently managed by the Department of Citywide Administrative Services. By transferring it to the parks department, incoming Mayor Zohran Mamdani would need approval from the state legislature to make good on a long-planned hou…	
cbc-news	Why Trump’s battle with U.S. mayors might hurt everyone, even him	New York City mayor-elect Zohran Mamdani is another Democratic mayor in an acrimonious relationship with U.S. President Donald Trump. But observers say these relationships matter and can impact both those mayors' cities and Trump's political ambitions.	
nypost	Smirking Mamdani’s scorn for business will not help NYC prosper	“Tax the rich. Billionaire tears not included,” Sen. Liz Warren smugly captioned a photo of her sitdown with Mayor-elect Zohran Mamdani and Lina Khan.	
fox-news	Meet the socialist Mamdani-style mayor just elected to run West Coast's 5th largest city	Seattle elects socialist mayor Katie Wilson, defeating incumbent Bruce Harrell in a tight race. Wilson has been compared to NYC's Zohran Mamdani for progressive policies.	
fox-news	Zohran Mamdani tells 1M social media followers to boycott Starbucks amid ongoing worker strike	A major Starbucks union strike on Thursday coincided with the chain's popular Red Cup Day as NYC's incoming mayor Zohran Mamdani backs a worker boycott.	
fox-news	Socialist wave goes coast-to-coast as historic wins shake up the 2025 mayoral elections	The Democratic Socialists of America celebrated their biggest ballot victory yet as Zohran Mamdani won in New York City, while socialist Katie Wilson was elected to lead Seattle.	
abc-news	Will the rich leave New York City after Mamdani takes office? Probably not, experts say	Will the rich leave New York City after Mamdani takes office? Probably not, experts saygo.com	
